AQ_type,AQ_slope,R2,lower_ci_slope,upper_ci_slope,ci_contains_zero
AQ,0.006301864189069007,0.02033944826741807,-0.02848459377750977,0.036336433806384946,True
AQ_social,0.053724863789741895,0.0703445592510864,-0.02891039533113863,0.036823873140578715,True
AQ_attentional_switches,0.020662657244346454,0.02471565917719143,-0.02561468971792473,0.03570634671588845,True
AQ_attencion_detail,0.004762876314605616,0.017275281692131328,-0.029036338801196923,0.03297757809344083,True
AQ_communication,-0.004971906987027956,0.017263143922100377,-0.027884288509458486,0.03523021736033697,True
AQ_imagination,-0.04285966969563405,0.05224639424017952,-0.023039589790283466,0.036937795226632694,True
AQ,-0.006505810604030309,0.02106124707236956,-0.03728209412279961,0.01969450760424537,True
AQ_social,-0.03082920758127614,0.03361069011371398,-0.035110232495175295,0.018049325589606265,True
AQ_attentional_switches,-0.02421821898539031,0.027451512559063196,-0.03693453932714123,0.0201936028014714,True
AQ_attencion_detail,0.0592092791050267,0.0874308325242189,-0.03755126688408874,0.02050842755947984,True
AQ_communication,-0.0478029989731408,0.06242232050821017,-0.03581535205383525,0.018676211124552238,True
AQ_imagination,0.005246246575463257,0.017310973089951553,-0.036153807744826974,0.021555390694997015,True
AQ,0.0069807023026317245,0.01963981582602392,-0.027862201010856985,0.04517442734140736,True
AQ_social,0.09579969147465289,0.15350416628145602,-0.028750361486375022,0.0475990432083589,True
AQ_attentional_switches,0.004831135608385635,0.017215821251197472,-0.02690520181665235,0.04579117777540373,True
AQ_attencion_detail,-0.06840557472065698,0.07861564065668436,-0.03218319509073358,0.049595248603411066,True
AQ_communication,-0.016565615827266685,0.021601276953916337,-0.02812410186879509,0.04650959654467686,True
AQ_imagination,0.005365042154715681,0.017289836881717258,-0.030143095381091653,0.04716462597223791,True
AQ,-0.004614623390029849,0.019197578099248935,-0.029208882719095004,0.02166140090543458,True
AQ_social,0.042160433989088135,0.05557787859050378,-0.028055244798558247,0.020356546999637536,True
AQ_attentional_switches,-0.012760889422822908,0.01996780520191599,-0.03001415448421734,0.021396003613071635,True
AQ_attencion_detail,-0.027222015380188,0.03195439499254138,-0.028510271720841196,0.02048926999044945,True
AQ_communication,-0.003309888014476354,0.01703893663092504,-0.02798067011365782,0.019310594131304627,True
AQ_imagination,-0.02936512244575442,0.03344408172252933,-0.028664805625395244,0.02088482107402608,True
AQ,0.00802324162275759,0.02225640367598425,-0.01639521439788949,0.03742108697568678,True
AQ_social,-0.00010217904703571171,0.016821965285961582,-0.016807434134533488,0.03325770218058743,True
AQ_attentional_switches,0.019464108850129586,0.02479058020831948,-0.017838579215526635,0.03586599593740045,True
AQ_attencion_detail,0.022589674093420893,0.025101226788522224,-0.01627580208060755,0.038027239767934644,True
AQ_communication,-0.038456158627697745,0.04594235465762564,-0.016854154751236246,0.035501710376667724,True
AQ_imagination,0.032110035811130686,0.038025503277846595,-0.016836361923598143,0.038000815468205745,True
AQ,-0.011461813470055827,0.024868701267998228,-0.04139477455956171,0.011692270177605895,True
AQ_social,0.03901371721521677,0.04318240947288143,-0.040102964876091,0.013107013883197698,True
AQ_attentional_switches,-0.041308585331846656,0.05603372720618571,-0.042462148242527635,0.013653967468185304,True
AQ_attencion_detail,-0.0009470917792688298,0.016841961334628563,-0.041273180857227316,0.014579364154229826,True
AQ_communication,-0.03563227030980146,0.04074499131154341,-0.03946783525121309,0.01386233668589067,True
AQ_imagination,0.014817165054419922,0.020736354733761786,-0.04114091650140399,0.014666427131584179,True
AQ,-0.008676991174300434,0.023053592508933907,-0.04251153724619316,0.023953029553069317,True
AQ_social,0.014882803761396958,0.021107353186607836,-0.04048162828006996,0.02605505716807503,True
AQ_attentional_switches,0.04222977258305076,0.04578720909856737,-0.04226949671395267,0.025364676778386847,True
AQ_attencion_detail,-0.018632467478072522,0.023467963551829008,-0.041623449846488386,0.02575146482024104,True
AQ_communication,-0.03500348627711437,0.04076873540100023,-0.043418663596127616,0.025070385690860432,True
AQ_imagination,-0.03714194931542724,0.041009508959419794,-0.04246020315780363,0.02558979354301401,True
AQ,-0.018132909549633765,0.04992898053452921,-0.04990650011949134,0.016154844738449664,True
AQ_social,-0.029686468227669995,0.034433224075407276,-0.04951249516102576,0.01447899338645831,True
AQ_attentional_switches,-0.032344953888627695,0.038741014714260835,-0.052710268785534066,0.016459069876310004,True
AQ_attencion_detail,-0.04829180086318559,0.06066872816703206,-0.04956625339299527,0.016781850669634363,True
AQ_communication,0.024419967482717887,0.028747230516939504,-0.04962334185954865,0.01652082381678165,True
AQ_imagination,-0.007928697508203913,0.01789437313564579,-0.05349261931158368,0.015830810256555448,True
AQ,0.019119907338595036,0.049891783408333445,-0.012412473221782065,0.05163120089572208,True
AQ_social,0.039853299811198346,0.04743775658776073,-0.015615728243639224,0.05140218058326428,True
AQ_attentional_switches,-0.016863910933535186,0.02288971362262804,-0.011936283969085002,0.04982295605717773,True
AQ_attencion_detail,0.019972186206113615,0.022598549280753555,-0.011350685500588117,0.05021524502991218,True
AQ_communication,-0.0015218731543576844,0.01686601644129604,-0.015656768371235846,0.048895702537704526,True
AQ_imagination,0.049542342798715173,0.06938761403436344,-0.01281379704765274,0.04826776107713534,True
AQ,-0.026908359250891637,0.07955663048747474,-0.07229694674879275,0.009534523154170338,True
AQ_social,-0.007630904563294501,0.01758387155263108,-0.06884085503737948,0.009722747970961967,True
AQ_attentional_switches,-0.027779460788384697,0.02925781650757986,-0.07126695168553261,0.006385314555895522,True
AQ_attencion_detail,0.06473970689839761,0.09233089143198425,-0.07115384986231167,0.007751205035260602,True
AQ_communication,-0.07434952859340042,0.1127874710499297,-0.07090928141699748,0.008215138480511953,True
AQ_imagination,-0.07279827730641819,0.1376306023503434,-0.07017324664851811,0.006910260359117365,True
AQ,-0.00251186392192133,0.01734590752121734,-0.026392634961039378,0.02391445688193932,True
AQ_social,0.003556125420994042,0.017134856144934263,-0.024870308055795584,0.02192759175498084,True
AQ_attentional_switches,0.0011621549918944699,0.016844995725278977,-0.026178540372265385,0.021766987115594244,True
AQ_attencion_detail,0.0013012325306625656,0.016855458680827384,-0.02813741018104972,0.023150613851987304,True
AQ_communication,-0.02957793437584345,0.02837331212450034,-0.02496762730448246,0.0219831516152156,True
AQ_imagination,0.0032144995364523777,0.016976158316653,-0.02593470604338328,0.02440304978278805,True
AQ,0.02059479110232291,0.057168288621636476,-0.010683073769769375,0.05316014981004622,True
AQ_social,0.015589855344671208,0.02068351549850045,-0.014755991044316493,0.054709606153986894,True
AQ_attentional_switches,-0.03459646085679092,0.040914706511548826,-0.01033962425282402,0.054886989125301336,True
AQ_attencion_detail,0.05404642004296222,0.0602600258051853,-0.011545495686945099,0.05545764501987104,True
AQ_communication,0.044392085996474734,0.0559587973801563,-0.009089724911888596,0.05546612102096711,True
AQ_imagination,0.04525614879124482,0.049515377633183366,-0.013192730784437483,0.0559371267053614,True
AQ,-0.011718869194348211,0.03552069834361549,-0.03485549319167778,0.009390972808713852,True
AQ_social,-0.0630368442756268,0.12602101555624368,-0.03182548547046044,0.010678501164938963,True
AQ_attentional_switches,-0.019294774903019788,0.02224436103206473,-0.03414521207764285,0.011278948000041002,True
AQ_attencion_detail,0.014950667056939634,0.022024050153144348,-0.03557249635402045,0.01024745305405283,True
AQ_communication,-0.00941085466146746,0.018510538558572875,-0.033721966575717764,0.010718703920645048,True
AQ_imagination,0.011865592931754309,0.01977878756753393,-0.0346952596301603,0.01034444035165473,True
AQ,-0.012876661780072012,0.030869395336414862,-0.04667363551206268,0.02937686531481529,True
AQ_social,-0.05102090374250913,0.0754069519392776,-0.04622462465130521,0.030215952479495697,True
AQ_attentional_switches,-0.08591961621833867,0.15841289914286216,-0.04942927253575263,0.0287332478587082,True
AQ_attencion_detail,0.03136253087991699,0.03957454681669037,-0.04712283008389293,0.028490744973689676,True
AQ_communication,0.013801251528791142,0.02032171647275549,-0.04618699785585735,0.03003049225025765,True
AQ_imagination,0.03702226075460838,0.043707409145674725,-0.04518006384904677,0.028696616000998088,True
AQ,-0.0462860038166116,0.16311901222022818,-0.08120820699341358,-0.013237893209555998,False
AQ_social,-0.07565388992431936,0.1437694469463343,-0.08219575774684973,-0.013328071875863838,False
AQ_attentional_switches,0.021781882461211224,0.0253019795648749,-0.08117511180712488,-0.01237397542138193,False
AQ_attencion_detail,-0.03314693512205344,0.03670534369955536,-0.08407493653163345,-0.013373854315902881,False
AQ_communication,-0.055269855194909526,0.0722098620315903,-0.08034473421486252,-0.010437443504230511,False
AQ_imagination,-0.021984440165054388,0.02275847625045513,-0.08438246342611064,-0.007843883225791944,False
AQ,-0.008647221105617782,0.023187653564353816,-0.03938892713930907,0.03412458598869805,True
AQ_social,-0.03883128529633997,0.04217624696271416,-0.0403833938337387,0.03809203894071777,True
AQ_attentional_switches,0.03064765072250966,0.038407469725961874,-0.040930461828795305,0.03505153447933628,True
AQ_attencion_detail,-0.04806471834951113,0.06782417202123225,-0.04159711470618569,0.03325584085938736,True
AQ_communication,0.012830982203491829,0.019772174117164143,-0.04183484660664214,0.03256370497393536,True
AQ_imagination,0.0028600663276839113,0.01694656333811928,-0.04122556620759722,0.03488945234138935,True
AQ,-0.004191922047230891,0.01892717331461735,-0.03197165801745907,0.01850240435710138,True
AQ_social,0.036891172127059266,0.04296921341885651,-0.03218811662098855,0.019094415777663475,True
AQ_attentional_switches,-0.011767550521140086,0.02022076747770951,-0.031915701228362146,0.01799721092306328,True
AQ_attencion_detail,0.007301932881889175,0.017716703317564253,-0.0333206825983845,0.015965762966338646,True
AQ_communication,-0.0551678963098236,0.08056930440164867,-0.032836242787594234,0.017271445104069978,True
AQ_imagination,0.003976004457468359,0.017262276296704626,-0.03093398681736801,0.017411823524449366,True
AQ,-0.006529900146362393,0.020360370773503167,-0.036391685701340465,0.018957909935442968,True
AQ_social,-0.020902814996112636,0.02509284764607045,-0.03582200542451774,0.018233695404608046,True
AQ_attentional_switches,0.03228069547653746,0.03410614669013845,-0.036216912288566876,0.019602061751748702,True
AQ_attencion_detail,-0.026397445138051555,0.02707694672284844,-0.03603282808872373,0.01911853926607832,True
AQ_communication,-0.02833580570980137,0.030031423883934538,-0.033870420726528,0.01985987385191439,True
AQ_imagination,0.010290483566669685,0.018602253069946895,-0.037592942387039,0.021464491817719606,True
AQ,0.013470244847476867,0.02863567723168925,-0.023924348732359803,0.05666754973731956,True
AQ_social,0.007199100304565469,0.01773996522903598,-0.026118466168758337,0.05663411270040391,True
AQ_attentional_switches,0.05878050224934991,0.054805832519615905,-0.025331015750272586,0.05317202843926693,True
AQ_attencion_detail,-0.024516044864574767,0.026620238063072454,-0.030477236091047646,0.05912972168268203,True
AQ_communication,0.006018954740850812,0.017431110185777254,-0.023176805100779085,0.05568995021329128,True
AQ_imagination,0.02957573998805919,0.02870344822403459,-0.026828226327151903,0.05553916141202505,True
AQ,-0.02306118262355353,0.06354220139592015,-0.05319835480293974,0.006483500327295662,True
AQ_social,0.020621845634060634,0.02270997145553133,-0.053430606606102514,0.00862377780423481,True
AQ_attentional_switches,0.05223666144123322,0.05690317219239449,-0.054609772413921946,0.007104492166471926,True
AQ_attencion_detail,-0.11092336982279412,0.19219186623354245,-0.05573372172006931,0.009481128447020355,True
AQ_communication,-0.03333853160297655,0.03745549291866712,-0.05592936812221701,0.006783313479578514,True
AQ_imagination,-0.052249370795442784,0.0627412055738491,-0.05479355056755862,0.008289623431509206,True
AQ,0.012766306190523663,0.03095915919579517,-0.00863481973352765,0.040158179454905026,True
AQ_social,0.032330386727583774,0.040078109857001554,-0.010992385197484595,0.037735454057195104,True
AQ_attentional_switches,-0.005452090127252183,0.017423422780780684,-0.011382908019731524,0.0407768595587255,True
AQ_attencion_detail,-0.06990349114688767,0.09473444839435641,-0.010317948551264335,0.04132296985194973,True
AQ_communication,0.08204292873761072,0.15349787013380878,-0.011097320541531952,0.038697222626089926,True
AQ_imagination,-0.002973346849066175,0.016979152928366603,-0.009299131996249953,0.03671043387726656,True
AQ,-0.00032412948348990495,0.016830891267334946,-0.040644998849043795,0.03754561695869011,True
AQ_social,-0.00024217319051241025,0.016822862921318182,-0.04496636534045875,0.03902409413593046,True
AQ_attentional_switches,0.07561126538181175,0.11366602172206408,-0.041042323741620854,0.037098435841467256,True
AQ_attencion_detail,-0.04950775946350551,0.06328243803992417,-0.04105708817077933,0.03899402055218655,True
AQ_communication,-0.012855176890496096,0.019957855807184788,-0.04368468143723384,0.038499085514185065,True
AQ_imagination,-0.0058843297513235665,0.01754007200775276,-0.04258608651829784,0.036962401090352114,True
AQ,0.015335509747597197,0.037878039243960826,-0.013422620093081008,0.05212905938270104,True
AQ_social,-0.0274400248004337,0.030446542105760144,-0.011452232671297755,0.05097196703595365,True
AQ_attentional_switches,0.02015904540192634,0.0250812592054922,-0.014111152000777517,0.050663692901350164,True
AQ_attencion_detail,0.018673612771454053,0.021286279893765747,-0.011506615180225853,0.05126721100593216,True
AQ_communication,0.04378403714043073,0.061770704174789914,-0.014182127849051806,0.050287984328975584,True
AQ_imagination,0.013917380357807508,0.01952408783701487,-0.01257861766716957,0.05317910598924864,True
AQ,0.018923802367352575,0.055454148024023264,-0.015313805723566406,0.054532656413993644,True
AQ_social,0.020690739829260105,0.022566123244295078,-0.014973333599829313,0.05291249018892537,True
AQ_attentional_switches,0.008406562800524743,0.018427666925619812,-0.01767417726175557,0.050367451498293976,True
AQ_attencion_detail,0.022700797568564048,0.022350233061239733,-0.015880109479252617,0.053307504248280235,True
AQ_communication,0.04520491414043134,0.07232201294144136,-0.0154205883498322,0.05658629004069716,True
AQ_imagination,0.005227553514474467,0.017352560793468252,-0.017836425937685026,0.054178551540237825,True
AQ,0.015746746917731237,0.03614649188273111,-0.019877441183612267,0.05762546034512993,True
AQ_social,0.004034209837757787,0.017179826477108362,-0.020935935020831065,0.05442889001206867,True
AQ_attentional_switches,0.0030728300132779767,0.017048520165311776,-0.02266845583022959,0.05417177393688734,True
AQ_attencion_detail,0.029636546218226978,0.02480820568699993,-0.018733446361026928,0.05347650996330031,True
AQ_communication,0.03327786753624564,0.038508827117979205,-0.02298010708095084,0.0547985498773618,True
AQ_imagination,0.009257823393135417,0.018150400386778398,-0.022665726303888897,0.057761728278119824,True
AQ,0.010781086494550734,0.027559205760750993,-0.016859581840371476,0.03839450069923913,True
AQ_social,0.08762281911113186,0.16274906409259327,-0.01590602816922555,0.040623042633068034,True
AQ_attentional_switches,0.0048454382190028815,0.017234312016344844,-0.017328237101557654,0.03737450102012493,True
AQ_attencion_detail,-0.008605002986984273,0.01808481896514047,-0.017367786898212747,0.03566614765329285,True
AQ_communication,-0.049127875902118485,0.04234157357289092,-0.016377388160166546,0.03961990750206725,True
AQ_imagination,-0.005335891627431713,0.017293246371438586,-0.01699475462023087,0.03556426413334306,True
AQ,0.016142367222176972,0.04056911276058861,-0.021143819620505627,0.04828460622854226,True
AQ_social,0.007701150941547826,0.018115185685206647,-0.0190254535314211,0.05054737901570844,True
AQ_attentional_switches,-0.026855254990929674,0.0282087586993508,-0.020150367333210746,0.04841578766558839,True
AQ_attencion_detail,0.07288550586524019,0.11643116006207588,-0.021735654420612264,0.05149401450693695,True
AQ_communication,0.05403225076754076,0.0755215995898405,-0.020164372194435044,0.04880803876198446,True
AQ_imagination,-0.04395229024632335,0.04872490421659159,-0.017998126356856964,0.051110528928181576,True
AQ,-0.02437680482916178,0.08331364988930656,-0.048190839030002486,-0.007415626977790982,False
AQ_social,-0.06274585687892445,0.07675979685039014,-0.05023128476325544,-0.005378756558640487,False
AQ_attentional_switches,-0.03367991949741061,0.04214311015091232,-0.04963386447194979,-0.007660063563099555,False
AQ_attencion_detail,-0.03188160401063381,0.034477411147713743,-0.049508382336437146,-0.006055680027244064,False
AQ_communication,0.0003357695349796395,0.01682457714666985,-0.04972633731385093,-0.007022201735347724,False
AQ_imagination,-0.025018726982900353,0.028708097219796058,-0.049197390645744576,-0.0055509253001984,False
AQ,-0.030099546253304015,0.09016682077975802,-0.06461923603121293,-0.002754873566613878,False
AQ_social,-0.030074281532097315,0.03378907552787014,-0.06226704961581921,-0.0010702465766410437,False
AQ_attentional_switches,-0.016632693215350134,0.02169956626840408,-0.06791180227095216,-0.0017318474302091295,False
AQ_attencion_detail,0.012761630201334886,0.018939502197294233,-0.06375753080638881,0.00036035024033153907,True
AQ_communication,-0.024631526854075637,0.029143760741413116,-0.06588288998585701,-0.0010598756617327138,False
AQ_imagination,-0.08172366337877154,0.11856750273583183,-0.06409635483860063,0.0009855894206768053,True
AQ,0.005549731142052341,0.020399584856840125,-0.02677730269281716,0.03226996253078258,True
AQ_social,0.03735856892319798,0.04049032880476067,-0.02789282217411607,0.03132235228115188,True
AQ_attentional_switches,-0.013424696366574198,0.021340537109406976,-0.026576502816720124,0.029148212077609963,True
AQ_attencion_detail,-0.0001567144240345977,0.016822346840369096,-0.0260856350207438,0.029622520493728075,True
AQ_communication,0.03457188371275515,0.04604693191299303,-0.02393923740398081,0.030701587917496588,True
AQ_imagination,-0.026913614504138116,0.030119642373943267,-0.02524164156294635,0.02978748078034263,True
AQ,-0.019819756806227336,0.0628827126967818,-0.05900188918963546,0.01753752140383009,True
AQ_social,-0.027377523691814388,0.032483650579913204,-0.059336734703128766,0.015387258356568043,True
AQ_attentional_switches,-0.05384070205665624,0.07895680674947048,-0.05571929224206587,0.018996173274140184,True
AQ_attencion_detail,0.020851785403032744,0.02599876760056885,-0.06073252595557306,0.014796746492420085,True
AQ_communication,-0.06542375182538182,0.08102555815806389,-0.059270083883318045,0.01736886714945908,True
AQ_imagination,-0.0029173492756514965,0.01698697446610742,-0.06099706444129236,0.016811256535240467,True
AQ,-0.01551680659445949,0.04698677894315717,-0.04123492834739669,0.011069791248772932,True
AQ_social,-0.0020982844311353585,0.016897174704288975,-0.03972816468889496,0.014073349772497827,True
AQ_attentional_switches,-0.011200876950536877,0.01966794114717041,-0.03860347652124696,0.012393285889693401,True
AQ_attencion_detail,-0.011948618122396554,0.01930017765543357,-0.040741589406816284,0.013533551371833881,True
AQ_communication,-0.06293112087724113,0.11549988685248569,-0.04095611659462248,0.014634363403980501,True
AQ_imagination,0.0069614235450976185,0.017667316206956052,-0.03943240976962966,0.011348308918240261,True
AQ,0.01539533864317217,0.038988442890179886,-0.011097962815042705,0.045092414295646664,True
AQ_social,-0.03363232127658888,0.04320770435755217,-0.010262183915689359,0.04489748537451359,True
AQ_attentional_switches,0.029584961724163524,0.03350368909966561,-0.010328452505819229,0.04780091890904599,True
AQ_attencion_detail,-0.00843703359508587,0.01797012255380992,-0.010467542885857361,0.04547357971802016,True
AQ_communication,0.014656021673272108,0.021867850910798126,-0.011814308453353238,0.047205526231280874,True
AQ_imagination,0.07565572246386013,0.12669745397835008,-0.014270124135525173,0.04793568141440141,True
AQ,-0.00358257336211856,0.01830127978632423,-0.02805207891040841,0.02580005972729295,True
AQ_social,0.0037498786490410105,0.01715881061592306,-0.02866398657783107,0.027879877318412568,True
AQ_attentional_switches,-0.02228288234468148,0.029401919368546414,-0.029363016499197293,0.025868531686375724,True
AQ_attencion_detail,0.04140883633902769,0.04325744834814971,-0.030006269408713822,0.02556478174821358,True
AQ_communication,-0.029486612127361967,0.03550168413306509,-0.027472405020387072,0.026324974674878654,True
AQ_imagination,0.0018419426505660226,0.01692645668544579,-0.029024121709050228,0.028558755337009467,True
AQ,-0.022478142803877225,0.07318015571162928,-0.04915136653893959,0.0068368752259491935,True
AQ_social,-0.04409459316718747,0.043261983755727096,-0.04721658675779295,0.00562325215366168,True
AQ_attentional_switches,-0.03289110933726141,0.03679321464224894,-0.04969662831488058,0.005817599694441621,True
AQ_attencion_detail,-0.017068171370550167,0.02229576223932117,-0.05257558022881477,0.006943229633187126,True
AQ_communication,-0.021419015857909153,0.024382110513518906,-0.04874135217857505,0.006826813042446545,True
AQ_imagination,-0.026027245274333765,0.03313424319120417,-0.05282602032274231,0.006640832379113077,True
AQ,-0.009241238152151868,0.022954231634082167,-0.043348168938304156,0.01893230658352696,True
AQ_social,0.10556389971644246,0.17478371825188543,-0.0431513911325621,0.020061500166789842,True
AQ_attentional_switches,0.035832403337390184,0.03677766926580672,-0.04070794678181655,0.017947465710161942,True
AQ_attencion_detail,-0.004589800941108173,0.01705238440595158,-0.04392306532394861,0.021565708600338743,True
AQ_communication,-0.08039934904988653,0.13951059220081186,-0.04154219271725296,0.016809974737435663,True
AQ_imagination,-0.062171300618512546,0.08773738874888026,-0.04514170203992554,0.019657292583668093,True
AQ,0.0028857982691455944,0.017533201078518856,-0.027050872130444263,0.029356445840209692,True
AQ_social,0.032048512153564905,0.037026313446169135,-0.028071972046039784,0.030209008838660224,True
AQ_attentional_switches,0.01347159269776643,0.02067016070865635,-0.028113786172263844,0.02691604037801456,True
AQ_attencion_detail,-0.02899589424819952,0.029196207198386115,-0.027724605713049744,0.028439624659151994,True
AQ_communication,-0.03687983425600295,0.041225072313969324,-0.02876499369334667,0.027396137240441192,True
AQ_imagination,0.032816915067586015,0.030568157879323765,-0.026668617532076097,0.02823830152862791,True
AQ,0.009422867723170185,0.02838970150314124,-0.016520742090237062,0.031717410457510975,True
AQ_social,0.05114163249114752,0.0575108643652964,-0.016069269898118427,0.03230482910079466,True
AQ_attentional_switches,0.01632646292667105,0.022490512311411304,-0.018979183971850815,0.03229261855858146,True
AQ_attencion_detail,-0.008390923939399516,0.018177242809098715,-0.015206219052111041,0.03418091245257524,True
AQ_communication,0.0266851523151734,0.02899243158395115,-0.01666636584910976,0.03213630605263403,True
AQ_imagination,-0.011506464472478214,0.01923503666753923,-0.015226881531674726,0.033303025236305385,True
AQ,-0.008947224763250687,0.027621394839401403,-0.03775538859943303,0.01508203117491484,True
AQ_social,0.01829391001525669,0.02133463276874925,-0.03677718058829574,0.015944248081284765,True
AQ_attentional_switches,0.009948184791749148,0.01951371131245816,-0.036140104600049405,0.017285290016312863,True
AQ_attencion_detail,-0.049780065875445444,0.06159404760292597,-0.037072380593717466,0.015634631716312918,True
AQ_communication,-0.024128666126364426,0.030537727880898036,-0.039846538425815314,0.015173000767074115,True
AQ_imagination,-0.0116420544755036,0.019807534452100595,-0.037219526688469874,0.014574160707013376,True
AQ,-0.0050936679338074945,0.018609510370700133,-0.03345755469930122,0.03212538943080197,True
AQ_social,-0.07053291518010721,0.10654733912365855,-0.03251131560809581,0.03534289188265518,True
AQ_attentional_switches,0.022585449846949313,0.027879494196748067,-0.03162472007660663,0.031098996367915945,True
AQ_attencion_detail,0.010288336954877443,0.01850456898596975,-0.031973606118023634,0.03132082626093491,True
AQ_communication,-0.002658514844233762,0.0169590161924007,-0.03194100620851456,0.0332510032179502,True
AQ_imagination,0.020970296515931873,0.023523925439079885,-0.030592068729422998,0.030458498538961678,True
AQ,0.028267718403928898,0.08309903406645358,-0.012504904199712275,0.06451180346261862,True
AQ_social,-0.07328273523923425,0.09820236554973727,-0.011613798043933355,0.06086120080359737,True
AQ_attentional_switches,0.09638473750341078,0.16803280330677517,-0.010236476966437971,0.06366580753746626,True
AQ_attencion_detail,0.012418969276434367,0.019468067155399615,-0.009712403937571053,0.06115891334348226,True
AQ_communication,0.042710648869487465,0.05880419126451808,-0.011561071220334588,0.06338654474432398,True
AQ_imagination,0.03207082386387933,0.038959261906897025,-0.009348567035235915,0.06033381551172251,True
AQ,0.0012179747038640184,0.01695283287937066,-0.030153106940810137,0.029198929518125975,True
AQ_social,0.03257748609426461,0.03599765056570425,-0.03253884145371428,0.02630508974801207,True
AQ_attentional_switches,0.06311196210185645,0.0825716421272279,-0.0315399826225948,0.028860238112627383,True
AQ_attencion_detail,-0.03446095851646034,0.041263489865236314,-0.029277755354792653,0.02697382582584021,True
AQ_communication,-0.04320433020112679,0.055739951870705906,-0.031171364088497168,0.02976418104451685,True
AQ_imagination,0.004481720606808469,0.017212679744398884,-0.0301186829922767,0.027348051079054705,True
AQ,-0.00023381579566803215,0.016828078934198798,-0.02616919424031134,0.01795448162551436,True
AQ_social,0.018735093949835704,0.02396044949799725,-0.028503541647858593,0.01884522747790922,True
AQ_attentional_switches,0.0016689427844412549,0.016881950423461967,-0.027090818162951502,0.018829089952337334,True
AQ_attencion_detail,0.0030669687756465923,0.016958374394895448,-0.025470043321012357,0.01958530597598117,True
AQ_communication,0.02310258449145377,0.02563009886067369,-0.0270270015439741,0.018147753602734264,True
AQ_imagination,-0.06005091276339295,0.06905131884687543,-0.027553977489498904,0.01888962047384113,True
AQ,0.015131418472478609,0.03135634776130558,-0.03319514805694072,0.05623789673617938,True
AQ_social,0.000369105363891404,0.016823083183747922,-0.035607184355651106,0.05234968060137687,True
AQ_attentional_switches,0.014579986317445226,0.021272490085018636,-0.030506261606581573,0.0570082868610682,True
AQ_attencion_detail,0.0310346104792626,0.03915601378901834,-0.03333096425577467,0.05552349593550577,True
AQ_communication,0.010436899975885754,0.01851246929538497,-0.02757761008018394,0.05564521084397857,True
AQ_imagination,-0.0126160387790968,0.019721493454868733,-0.033612853794759354,0.05707072926369384,True
AQ,-0.0029757171688841785,0.01778116274448882,-0.0288368438624127,0.030164021001330713,True
AQ_social,0.04179687050645083,0.04362003901224243,-0.029991546436508237,0.030555354037426524,True
AQ_attentional_switches,0.030892107520351243,0.032663902261823474,-0.030613975933498263,0.03191657976514776,True
AQ_attencion_detail,-0.00912010083751897,0.018043040439441493,-0.029930888035399696,0.02986425341105188,True
AQ_communication,-0.03228954863267925,0.034981655036272485,-0.030535986769302314,0.03471132253802528,True
AQ_imagination,-0.02719272172021954,0.03803374958303796,-0.03146869121644794,0.031293775374536786,True
AQ,-0.0039382401294642,0.018433000126812038,-0.04062731026440817,0.028832991146222488,True
AQ_social,0.051141936235933175,0.07226079637560723,-0.04019779606555851,0.02920795407213935,True
AQ_attentional_switches,-0.039340328885537824,0.05152175704292683,-0.04187357020933631,0.028970122792664015,True
AQ_attencion_detail,-0.07841695706461331,0.09931774951475325,-0.04385712821537604,0.029916947078296913,True
AQ_communication,0.049748439304307814,0.05522457834184136,-0.04020204648239318,0.029612055812769166,True
AQ_imagination,-0.02733530751031715,0.025870262683720613,-0.040278688698545895,0.029013266829344662,True
AQ,0.0013588172295982805,0.017001768285327734,-0.024396335370147303,0.03689491924987016,True
AQ_social,0.036452734373050084,0.04417674884532552,-0.024065932875319728,0.04014215019275569,True
AQ_attentional_switches,-0.002748146560294579,0.016974501624691607,-0.022097401358114468,0.04151594844310864,True
AQ_attencion_detail,-0.06508947205325158,0.07261068957917394,-0.02526572359274419,0.03936373171239545,True
AQ_communication,-0.00330781808947678,0.01705914344871684,-0.025185746721048563,0.03992404553807271,True
AQ_imagination,0.021920358343481768,0.02485468923264711,-0.024078498123113443,0.03928933108910923,True
AQ,0.0016341888821475145,0.017031306180002703,-0.02626923638423572,0.02867711773748229,True
AQ_social,0.006726934943816066,0.017401971234686675,-0.025548924411124357,0.03547782405771682,True
AQ_attentional_switches,-0.004839087806691049,0.017230059413463006,-0.026009670727839693,0.032989973811817,True
AQ_attencion_detail,-0.009426424495779314,0.018195809528275042,-0.02364358886233938,0.029936889793582472,True
AQ_communication,-0.050806028881619295,0.06581840658562865,-0.026242277261501603,0.032248251929813745,True
AQ_imagination,0.10357294715935195,0.14488708640708314,-0.024986886700297656,0.02916674828459483,True
AQ,0.005242964196020141,0.019530634916056777,-0.030299124886770806,0.03409898989819806,True
AQ_social,-0.0017096812037774392,0.016875879899932333,-0.023289549052173127,0.031453758577305146,True
AQ_attentional_switches,-0.0024502406472600886,0.01691542380570832,-0.0257511785232283,0.03487572004945618,True
AQ_attencion_detail,0.049596581606640704,0.04528831757245266,-0.027007804663288684,0.03269502670801508,True
AQ_communication,-0.02962649256476645,0.03567183316480815,-0.027081499998133002,0.03404762947388541,True
AQ_imagination,0.03445473441990208,0.039176152119452134,-0.028187665055745957,0.0331608091520455,True
AQ,-0.010087988075060018,0.025057643001348495,-0.04131071693414636,0.021077475944566125,True
AQ_social,0.025733546937819513,0.027710529864078293,-0.04022486547854989,0.021710103748698712,True
AQ_attentional_switches,0.04666161176536545,0.06052294286908777,-0.041160766853560744,0.022860933175663754,True
AQ_attencion_detail,-0.03302783465353836,0.03710532151350543,-0.04182483476111112,0.021703576283604673,True
AQ_communication,-0.0095670301738496,0.01882538518180621,-0.0402605009401512,0.022409386035731844,True
AQ_imagination,-0.07631485890352928,0.1200398582313622,-0.0403092832253455,0.021679020198002625,True
AQ,-0.032559195214388915,0.12414623527860436,-0.061631359237047656,-0.0017784409162941522,False
AQ_social,-0.06343676947305567,0.08472465593761302,-0.06312120206397016,-0.0029343377424261483,False
AQ_attentional_switches,-0.02966702358602928,0.030348662875545163,-0.06438672387325456,-0.002394882842973213,False
AQ_attencion_detail,-0.05477274536721248,0.07293521791960711,-0.06487269211347348,-0.0012876155789711128,False
AQ_communication,-0.010259873731919717,0.019615120475485415,-0.06397987648542551,-0.001218192087755478,False
AQ_imagination,-0.026734160479897368,0.029472228468728434,-0.06160280721803081,-0.003618504614393647,False
AQ,0.02011405189861215,0.06396433076071739,0.000350772861072254,0.043694301383352514,False
AQ_social,0.03662473672772276,0.04490817098876598,0.0014194028582630931,0.044059993226053175,False
AQ_attentional_switches,0.02302015476697476,0.026630348859601582,0.0005794838167238052,0.04389607826565991,False
AQ_attencion_detail,0.033140262949810546,0.03404683088331917,0.0018197340661027701,0.04477923143757845,False
AQ_communication,-0.040709136907578436,0.04653293614171916,0.0009995445791702246,0.04649879146155015,False
AQ_imagination,0.1002497080206883,0.1532500965191742,0.00037081652454168217,0.04169190513003917,False
AQ,0.014432979946642461,0.03688398370620649,-0.012075586690982335,0.04114577427794806,True
AQ_social,0.03845114291760185,0.04082314168408008,-0.011783387976336952,0.04203457582573922,True
AQ_attentional_switches,-0.008656091225038114,0.018491684537513264,-0.01020510724331048,0.043775208550698476,True
AQ_attencion_detail,-0.012268909847135334,0.019324165872139587,-0.012477955946411911,0.04233671513707596,True
AQ_communication,0.010809902897586538,0.019158839632952063,-0.00987860082784529,0.04299747507640463,True
AQ_imagination,0.06567530645980824,0.07898352757270788,-0.011717362413156641,0.04164859940706275,True
AQ,0.0005437314101612125,0.016850920302660555,-0.025772637679680594,0.029505174552553606,True
AQ_social,-0.0187187280828432,0.021293601512868188,-0.026750588263984475,0.028035823243691884,True
AQ_attentional_switches,0.008338313325272784,0.017899940572662643,-0.0267452845399255,0.028364524973656845,True
AQ_attencion_detail,0.025624323859826326,0.02681708622205936,-0.026713346155260137,0.027221225119630196,True
AQ_communication,0.03986767289006725,0.051340354926281195,-0.02646370904224896,0.026576361417909304,True
AQ_imagination,-0.049030035877108476,0.07039877831707375,-0.026848820593665768,0.026315571441919077,True
AQ,-0.010619602952237977,0.024824396562761253,-0.0397185538254235,0.0174771542966251,True
AQ_social,-0.0241959894221918,0.02736005302880906,-0.038631708368650465,0.018379529241335863,True
AQ_attentional_switches,0.01865354703958663,0.02349462780249001,-0.03926337609325153,0.01663158205434934,True
AQ_attencion_detail,-0.0771685411682925,0.09705881877308875,-0.03778362633459893,0.018418316278366518,True
AQ_communication,0.020297808204233197,0.02253149219565498,-0.039956300255948554,0.018120898487166005,True
AQ_imagination,0.005711302891119296,0.017294182636315547,-0.03874673057226545,0.015821379768973062,True
AQ,0.012031423766036827,0.029330117630703922,-0.019826800934610134,0.04968918141050722,True
AQ_social,0.0010843127434495357,0.01683422506787058,-0.019053626650248113,0.0448118791047849,True
AQ_attentional_switches,0.041865713255284334,0.04575380124836936,-0.020110119167445154,0.04624803925378777,True
AQ_attencion_detail,0.00681719108028459,0.01769369743055771,-0.019728047859605823,0.04655256758707873,True
AQ_communication,0.015046279845974947,0.020658691816997643,-0.01951530312394452,0.04738336899926439,True
AQ_imagination,-0.0020099052097612676,0.016913842128546852,-0.020872872878492436,0.04630081246458159,True
AQ,0.017568376784213257,0.04917733581896566,-0.019146307760803064,0.041188879861527354,True
AQ_social,0.0133075653903834,0.020693805835756307,-0.019544898091469455,0.04097426814929039,True
AQ_attentional_switches,0.02640680745376301,0.026100051654256218,-0.021228839309715548,0.042098940518197785,True
AQ_attencion_detail,-0.000271973661057521,0.01682328350535678,-0.01882036084166036,0.040663234045235135,True
AQ_communication,0.06130188789727511,0.08699788157864874,-0.015317041465299764,0.041499891764548144,True
AQ_imagination,0.0037193857617835125,0.017045264159637696,-0.01715456639422369,0.04166782252342094,True
AQ,-0.006063130970438609,0.020417491755818085,-0.039489014198834355,0.02082068453093005,True
AQ_social,-0.020517083782400407,0.0233206977447048,-0.042198947492186056,0.019148162149254692,True
AQ_attentional_switches,-0.010561916556477629,0.01813041897574208,-0.04140688940789616,0.021826334478132318,True
AQ_attencion_detail,0.06018978876904434,0.07830245812816339,-0.042048885588170236,0.019152942910019035,True
AQ_communication,0.008667883816313823,0.01809751571815854,-0.03881709111036152,0.021365322032868637,True
AQ_imagination,-0.057052958726116716,0.09218941728847829,-0.03958918343610892,0.02152737272721972,True
AQ,0.020463004770020214,0.05973756888559978,-0.004873443913457932,0.050464747646829296,True
AQ_social,0.018870276638016846,0.02258098887828086,-0.006054980775595225,0.04967466670779875,True
AQ_attentional_switches,-0.018071009256345204,0.023077009691228834,-0.006565697763104809,0.05074450463223622,True
AQ_attencion_detail,0.02621510576004051,0.0289352327122796,-0.005639162143119845,0.0495999788060822,True
AQ_communication,0.053871523480443884,0.0655360782151897,-0.004419685323073916,0.05185995971909706,True
AQ_imagination,0.05004235692502369,0.055446387137403574,-0.006545882056903193,0.05133537670116084,True
AQ,-0.018021008946869935,0.041248966361828066,-0.04451658865817754,0.008979609772764392,True
AQ_social,-0.047130112252944084,0.056479284956464815,-0.04272868035872934,0.008533768630622886,True
AQ_attentional_switches,0.015539744853720734,0.021249372900650876,-0.04528199654551413,0.00678228796424503,True
AQ_attencion_detail,-0.011045659692654029,0.018917391510624326,-0.04272067573242481,0.0066818604324473075,True
AQ_communication,0.01938761785673652,0.02298962922434089,-0.0436201554398652,0.007584480519666455,True
AQ_imagination,-0.036288367792638214,0.050474431081529825,-0.04404814361010306,0.006760426709780959,True
AQ,-0.009110418625710121,0.021994009819467975,-0.04340233184926088,0.020066151088752163,True
AQ_social,-0.03985343752069719,0.051355420369214255,-0.04424807947348597,0.02466892109253145,True
AQ_attentional_switches,-0.03204513783319229,0.036572780742712196,-0.04472228543127736,0.02337691173544109,True
AQ_attencion_detail,0.0473604989419886,0.052864248518610824,-0.045711666786550954,0.022369388536171642,True
AQ_communication,0.023023080108791234,0.029060684932007752,-0.04437446808384171,0.02596742274611743,True
AQ_imagination,-0.024766432239504144,0.02617054121961404,-0.04378996353969368,0.02156084794236996,True
AQ,0.029357287011815773,0.0956982188766553,-0.0034968312210831775,0.06321182756165482,True
AQ_social,0.013041295937615415,0.020556464834524557,-0.0018121541149252992,0.06016385456747374,True
AQ_attentional_switches,0.022713088683417773,0.023467073627490342,-0.0029098744244850567,0.06181544660894188,True
AQ_attencion_detail,0.037070501588068266,0.04010110233948161,-0.0042391030462664205,0.06376883788415733,True
AQ_communication,0.011343102377903199,0.019626734569296977,-0.004830610977790476,0.062382008141562986,True
AQ_imagination,0.09637723380893601,0.13561367768363697,-0.005521498552053424,0.06434247395346683,True
AQ,0.038406405373431436,0.16929292966797727,0.00201637926569772,0.05898909437064179,False
AQ_social,0.05354101659016787,0.06772395175635626,0.0025591852081138324,0.059427564304970176,False
AQ_attentional_switches,0.08380118267016255,0.14203743957546577,0.0012419132950797665,0.05911843687362913,False
AQ_attencion_detail,0.02240154175241236,0.026491262936203852,0.002928719820656648,0.059824845833398727,False
AQ_communication,0.020865439211628336,0.02758724635865961,0.0024958001389984064,0.058216181272119326,False
AQ_imagination,0.04612954784818538,0.043458766416186956,0.0026945579968116243,0.05838860308119797,False
AQ,-0.013432164946678387,0.02885459014176217,-0.0478407389764045,0.014161220971338616,True
AQ_social,-0.04133476056944478,0.04433261036360736,-0.049005253945778135,0.018083466674195536,True
AQ_attentional_switches,0.041290240860385914,0.04542905078116666,-0.04771750668575713,0.019479266602479273,True
AQ_attencion_detail,-0.0010943464521171813,0.016841901479573873,-0.04745867463369871,0.01631721892706835,True
AQ_communication,-0.012024892824172857,0.02085204646621397,-0.048578942891481985,0.016959176342976542,True
AQ_imagination,-0.026044427858303645,0.03165563805679694,-0.049207684896885595,0.01686329427205308,True
AQ,-0.010482429063476982,0.031275904954454536,-0.033742456638869836,0.012292678306646208,True
AQ_social,-0.006034940156844634,0.017562811801364542,-0.03482490665160671,0.012060392570087076,True
AQ_attentional_switches,-0.02437578917035605,0.030653817793070193,-0.03509826972377253,0.013542322754355797,True
AQ_attencion_detail,0.0063722215641914964,0.01749220567519394,-0.03554243242393048,0.013284542194403379,True
AQ_communication,0.003963494343216839,0.017188910491990117,-0.03519644361917821,0.012029536563319027,True
AQ_imagination,-0.038392370207684504,0.05085605422221329,-0.03573753941334852,0.012757173131072238,True
AQ,0.006202983704121723,0.020094111840672557,-0.017786142353851852,0.032221692036112255,True
AQ_social,0.010369649191901958,0.019214518709460893,-0.018695437489891702,0.0306031634711032,True
AQ_attentional_switches,-0.03445844767004253,0.03838943301127706,-0.018867390289937593,0.03416334935446837,True
AQ_attencion_detail,0.04637361113151831,0.05074515167490501,-0.01842914342214381,0.033764762800454796,True
AQ_communication,0.023343479249259152,0.02738643469634716,-0.019014723992687565,0.030612413806073012,True
AQ_imagination,-0.014844346934704654,0.020702067922989786,-0.017497755580961078,0.030460449345974118,True
AQ,-0.0012241517547477078,0.016943564542137413,-0.026982714572945623,0.03017314525094901,True
AQ_social,0.057398883949112134,0.06498997695640885,-0.029481094626194568,0.027633074032530968,True
AQ_attentional_switches,-0.04778433468670339,0.056922090658999225,-0.027446150837805428,0.029946927176952288,True
AQ_attencion_detail,-0.06634022270882255,0.08697594913821582,-0.0263510613587809,0.02871378908640727,True
AQ_communication,0.005221010022329056,0.017126711947267004,-0.028217863361027058,0.029673174030354507,True
AQ_imagination,0.04616115590980495,0.05834955978691325,-0.02843807710547733,0.03145433336621307,True
AQ,0.006715036922069802,0.022605642990481623,-0.017674135111972248,0.032605758567440135,True
AQ_social,0.03239710838214641,0.03571784832669933,-0.018177501740943142,0.03223465211465568,True
AQ_attentional_switches,-0.029917402389880846,0.03680433208208711,-0.01790740776058294,0.030422005729645166,True
AQ_attencion_detail,0.010552281504350378,0.019352797165254843,-0.01785206798692553,0.03037298159367972,True
AQ_communication,0.0339057355726717,0.043145291260366814,-0.01836594557889053,0.030149202315476322,True
AQ_imagination,-0.0031368785332021435,0.017042125079790416,-0.017300729930892614,0.030863364928396735,True
AQ,0.023903429641664607,0.060632930531866025,-0.007703698517919366,0.07039111227795501,True
AQ_social,0.060537427589722366,0.08802111475392338,-0.009628094397439921,0.06886301662541752,True
AQ_attentional_switches,-0.006429921433623289,0.01740445056609019,-0.005063044217592968,0.06945379612520458,True
AQ_attencion_detail,-0.025327391642900113,0.027305013622227592,-0.007844669914567169,0.0649520536744558,True
AQ_communication,0.020464256776921437,0.023835849623083605,-0.008350813695199326,0.06700075741454257,True
AQ_imagination,0.057467435330341154,0.06385867741599849,-0.007473913533178969,0.06910340330650727,True
AQ,0.023052862728927863,0.07266224632755303,-0.003213134062316482,0.0505977857702294,True
AQ_social,0.021288907757270045,0.023893481842291453,-0.0010564589255225875,0.05092258950785008,True
AQ_attentional_switches,0.06380277512338892,0.09854398149351307,-0.002832850251462951,0.051234521649344396,True
AQ_attencion_detail,0.014401511980803144,0.020281408442053728,-0.00027327549046069556,0.054386554951702686,True
AQ_communication,0.0069515142450624744,0.01788755733732117,-0.0038926356944927513,0.051908938170238915,True
AQ_imagination,0.01868671831291954,0.024589967218510367,-0.0028522225357769312,0.050983599973015506,True
AQ,-0.03655821067055493,0.09405521320116605,-0.07312254190921744,0.003240483800636074,True
AQ_social,0.04362640871253315,0.058601575608571044,-0.07490993932116403,0.008879396216319632,True
AQ_attentional_switches,-0.11876920143108667,0.20567676337194152,-0.07327966266536354,0.0019265229104977453,True
AQ_attencion_detail,-0.06702188670065998,0.11283198453848009,-0.07168435714793993,0.004578502228511986,True
AQ_communication,-0.048805387546166056,0.06556873794276274,-0.07096325124976455,0.007909293858484583,True
AQ_imagination,0.060936288867829806,0.07478051335167502,-0.0728778340041006,0.007963157425603168,True
AQ,0.0177992895415368,0.03959910548710943,-0.01727712037978737,0.056371571497555936,True
AQ_social,-0.019213190542970614,0.024361605853179702,-0.01449417040815805,0.05502058337518476,True
AQ_attentional_switches,0.0005864249349327582,0.016827637967019804,-0.017068647224334405,0.05815023940680573,True
AQ_attencion_detail,0.10743783108187517,0.1958854564109408,-0.01487145708559808,0.05680924064883385,True
AQ_communication,0.022722081294726876,0.023675608277119453,-0.015532971002938128,0.057863300179707214,True
AQ_imagination,-0.018433655691979182,0.022465610926701074,-0.021085101679059814,0.05692404739963206,True
AQ,-0.0008555227950392874,0.016882304923404368,-0.027407442245447153,0.03418946238698637,True
AQ_social,0.035040854408898724,0.03267877853479784,-0.025195955708578834,0.02910091045906444,True
AQ_attentional_switches,-0.04908852895121523,0.07470795164446098,-0.025670223663577404,0.029682308400718553,True
AQ_attencion_detail,-0.015979605179117416,0.021222573313733895,-0.027975964872593514,0.03137542604178585,True
AQ_communication,-0.0056274988988927925,0.01746139145293124,-0.02615698473323255,0.029769267519855237,True
AQ_imagination,0.0721467082702381,0.09221636833901337,-0.023342564481571647,0.029234893687396138,True
AQ,-0.01375163466025973,0.03607986328100121,-0.04356961560908136,0.018988670967049308,True
AQ_social,-0.04381548065299911,0.05138286430603034,-0.04740537522418159,0.021012045735115028,True
AQ_attentional_switches,-0.036330351256845736,0.03695438794297301,-0.044758321440936596,0.019370719748301707,True
AQ_attencion_detail,-0.07155032657713252,0.1284946226961119,-0.04513200527136427,0.02029224088844236,True
AQ_communication,0.08364739770726583,0.14692539978187047,-0.043510363319364184,0.021471495533944895,True
AQ_imagination,-0.0027367907497269197,0.016964387644353707,-0.04400440800703085,0.0202369951045845,True
AQ,-0.0425056957801492,0.15500139483187592,-0.07194331698427649,-0.01271194261019203,False
AQ_social,0.016893889841972872,0.02060877797081273,-0.07337959643146869,-0.013069532198057735,False
AQ_attentional_switches,-0.02650174745199162,0.03082752065041605,-0.07006454239367446,-0.011189837577599008,False
AQ_attencion_detail,-0.02828159415472069,0.0333734459076801,-0.07319479595457061,-0.01095681187204213,False
AQ_communication,-0.06391037901030841,0.12174145362824129,-0.07144619144087413,-0.011721807079469241,False
AQ_imagination,-0.06375143333310844,0.06269832325767732,-0.07275481808798231,-0.012704268547225226,False
AQ,-0.02275999218716495,0.06569521746304618,-0.05390920917351877,0.011802061804873403,True
AQ_social,-0.013348819816677576,0.02125556873433654,-0.05716535801054666,0.01091080533148955,True
AQ_attentional_switches,-0.0347178248924379,0.04175371541552597,-0.0555996660159915,0.014539511863023344,True
AQ_attencion_detail,0.0044434907954920685,0.01713459834918296,-0.05417668080485531,0.01436119420293631,True
AQ_communication,-0.01819316039265792,0.024440089650751617,-0.0556896362452151,0.012033097745849647,True
AQ_imagination,-0.032399277828103076,0.0410795412075996,-0.05622643883274027,0.010038991674334327,True
AQ,0.03083838610599658,0.10317664545072025,-0.003977536501341155,0.06340764986692768,True
AQ_social,-0.06709983799577957,0.07545047161619811,-0.0026465904710682234,0.06293009542534292,True
AQ_attentional_switches,0.05728881591954234,0.06463544116512432,-0.0038551247508672565,0.06583668344541893,True
AQ_attencion_detail,0.029645113341515955,0.03806294507274155,-0.003823759526643957,0.0625561054368118,True
AQ_communication,0.11571106191621847,0.1839849788905097,-0.006450783807838699,0.06109904224488737,True
AQ_imagination,0.029007885542724023,0.036495236049237545,-0.00461358583263964,0.06621340359813804,True
AQ,0.009723811326195955,0.023343997382056836,-0.02918008854837949,0.046685388648101074,True
AQ_social,0.006938843600883127,0.017705645668552705,-0.03202453641537785,0.05345073173182741,True
AQ_attentional_switches,-0.03256068270304943,0.03647998569525723,-0.02968549243140122,0.054774296932780735,True
AQ_attencion_detail,0.04329747768993273,0.044478176380117085,-0.029248633039619772,0.052725827717268636,True
AQ_communication,0.019034919187493775,0.022320334356847105,-0.030574719650954044,0.0547120383471145,True
AQ_imagination,0.027486003314212124,0.02285468954374692,-0.03234382020604424,0.05020599691266899,True
AQ,0.00633167521647307,0.021225645008409733,-0.020890477234094283,0.030382970028382025,True
AQ_social,0.026513891494129034,0.029686327445843985,-0.018802891186440532,0.033562211432957546,True
AQ_attentional_switches,-0.030444073499467404,0.03764004309314173,-0.020408291548836246,0.030899305982360462,True
AQ_attencion_detail,0.03276317491799779,0.03128181127137497,-0.020394669832793276,0.03357387474901785,True
AQ_communication,0.0608659168144981,0.07711011331826167,-0.020628549558564312,0.03483681057240077,True
AQ_imagination,-0.021531235193389214,0.02839942878464541,-0.01862394210061227,0.033110701666005556,True
AQ,0.00809535187800961,0.024724092172613066,-0.020485421514686623,0.03174702198493909,True
AQ_social,0.00041331272931029693,0.016825168079319552,-0.017307035477352885,0.03709764663710718,True
AQ_attentional_switches,0.0033650278164398047,0.017034584398423647,-0.018028807398070307,0.030756303714576883,True
AQ_attencion_detail,0.04531510706829025,0.054776286444039646,-0.015755994058519997,0.03261359480533626,True
AQ_communication,0.032321290190795375,0.03606647276383457,-0.016624091099885285,0.032304069010793246,True
AQ_imagination,-0.029228522628505397,0.032261213936630395,-0.01779013098385881,0.032500169659943706,True
AQ,-0.008537610389236385,0.02143844763533742,-0.058213653992628095,0.02113993761350299,True
AQ_social,-0.030092194838715104,0.029682995571959303,-0.06063205801474103,0.02016266800301856,True
AQ_attentional_switches,0.028784869001750236,0.03063754115754147,-0.05680289515747883,0.01978383828680163,True
AQ_attencion_detail,0.0032276648920788156,0.016977903916996273,-0.05335322373401911,0.02170002314899778,True
AQ_communication,-0.0074162274424327875,0.017686669440681868,-0.05501508075933604,0.019944618621203947,True
AQ_imagination,-0.05011861945895358,0.04313718181866144,-0.05896926968645926,0.02215704741151443,True
AQ,0.014405908915551985,0.03366148535076385,-0.02535192387306851,0.05743222822048554,True
AQ_social,0.06174262418399095,0.08618117478347609,-0.024633865340476745,0.05493183710105539,True
AQ_attentional_switches,-0.05213126844543831,0.0745045464756301,-0.025043656718161066,0.052804407148034714,True
AQ_attencion_detail,0.021428660374121264,0.02539110075554396,-0.02450911501434117,0.053883138187766653,True
AQ_communication,0.01890923190719706,0.02229676511659251,-0.028401039735449003,0.05306926033653459,True
AQ_imagination,0.044797481646147656,0.03754653973000788,-0.024991747348808453,0.053892917768771975,True
AQ,0.007767115605343897,0.023270720561893943,-0.015964699169077584,0.03364779851354425,True
AQ_social,0.02538983922564793,0.02757704243248016,-0.012831591058598607,0.03395122621643467,True
AQ_attentional_switches,-0.009559386578034923,0.018549304132614353,-0.014531433039605279,0.03163277063636495,True
AQ_attencion_detail,0.044045254442442755,0.058375031678087,-0.014654198762884211,0.035308607588407696,True
AQ_communication,-0.019285185621368873,0.025424364201574456,-0.01585951940166918,0.032076405491460694,True
AQ_imagination,0.004492239024952942,0.017226297370686372,-0.015263175326438378,0.032686491128735465,True
AQ,0.010891513419765981,0.024744780295331115,-0.01614371905051788,0.04868255403276856,True
AQ_social,-0.002247014464720496,0.016915608742429478,-0.016055786467798372,0.04775032198675983,True
AQ_attentional_switches,0.04220090277579438,0.043708526299568784,-0.015130868433229505,0.05070296855116949,True
AQ_attencion_detail,0.005998912741224101,0.017648950259026908,-0.015037193893385195,0.04977663460429986,True
AQ_communication,0.03953751056403944,0.04744827656393269,-0.015312233433681863,0.05002092325657754,True
AQ_imagination,-0.04976008829338622,0.05565551287024806,-0.014998454643490061,0.04701644109033365,True
AQ,0.006744680153335389,0.02195905740847859,-0.019979380086837827,0.03730799413705652,True
AQ_social,0.003006950054704126,0.01698838080086429,-0.020029838156773686,0.03530670950250071,True
AQ_attentional_switches,-0.033424907460777274,0.03633581232606142,-0.020187911438958085,0.035102318322254744,True
AQ_attencion_detail,0.046503321100831926,0.04516335494636725,-0.01914593746201962,0.03491086322236553,True
AQ_communication,-0.014191228814528853,0.021041867812972237,-0.020691440566791036,0.0345196257361864,True
AQ_imagination,0.04267106794644589,0.05855461497882464,-0.021674299410187104,0.035593878493175024,True
AQ,0.015147241376773127,0.0378003145837883,-0.016954567557075424,0.04147293786331447,True
AQ_social,0.05392038099399372,0.07286151032392518,-0.017590856796907653,0.041448136110115344,True
AQ_attentional_switches,0.0757095638313506,0.12021902347049462,-0.0166458798861925,0.04230001660553039,True
AQ_attencion_detail,-0.015401887770830687,0.019415498128606212,-0.017195209889224867,0.04279429385819096,True
AQ_communication,-0.03395845473472506,0.04007493296678477,-0.01821982187667101,0.0414113341323293,True
AQ_imagination,-0.00796740843633091,0.01815144888306286,-0.01848358365574028,0.04084881065190215,True
AQ,0.016091523853044513,0.0394695253516637,-0.01028969732150845,0.04375975781398028,True
AQ_social,0.08258403702333537,0.13883904745697406,-0.009167970129325322,0.043243640727767776,True
AQ_attentional_switches,-0.020758002912320522,0.025249826656541074,-0.00810080330796337,0.0442724939616579,True
AQ_attencion_detail,0.0013811405156410879,0.01685758203600496,-0.00858891108906897,0.04219098061862327,True
AQ_communication,0.012282044096146668,0.021245541353683062,-0.009136571732957594,0.04349594533970299,True
AQ_imagination,-0.0029144408535390874,0.016967917463402205,-0.01079101606461228,0.04212968927572806,True
AQ,0.006302918358457319,0.020331925886594382,-0.026593533824625603,0.03701349556718967,True
AQ_social,-0.011735437857266204,0.020760247741943627,-0.026524855010852718,0.03978249416252511,True
AQ_attentional_switches,0.02177800295607304,0.026276735838755894,-0.026729494198357174,0.042254307561764355,True
AQ_attencion_detail,-0.04956343038923922,0.04989990118904741,-0.02739841183130546,0.03990677250051166,True
AQ_communication,0.03946482424336278,0.04835855864381167,-0.029129188265534272,0.04524815886381082,True
AQ_imagination,0.022253956447128173,0.024090755940475828,-0.027144146703531255,0.03895009833015602,True
AQ,-0.018050711586251336,0.041654659394306015,-0.05544911992835306,0.02007399063189044,True
AQ_social,-0.05155197159029029,0.054931711953977835,-0.051983046965719516,0.019983979529696074,True
AQ_attentional_switches,-0.049651506602506904,0.05760176784923432,-0.054504537987205816,0.021410022757376256,True
AQ_attencion_detail,0.02199044480739881,0.02375802097491997,-0.05227123000231146,0.02183182826153994,True
AQ_communication,0.0033532133738727234,0.01698490856233481,-0.05230974138665205,0.023388496656348335,True
AQ_imagination,-0.010939478262515857,0.01878231818704268,-0.05326794052513812,0.022500309559902388,True
AQ,0.029486373067473846,0.08752287147847015,-0.010737528414146557,0.06620485903834385,True
AQ_social,-0.0033846620290119214,0.017001979064275585,-0.007940190285384953,0.0691436874979905,True
AQ_attentional_switches,0.06059178663130573,0.08160002781224496,-0.008730862002412862,0.06913675134314608,True
AQ_attencion_detail,-0.008124222424761345,0.017718597921394852,-0.009879597589353396,0.0690116241856479,True
AQ_communication,0.033210433447846785,0.032744872888179066,-0.010774497681963136,0.06881777102953252,True
AQ_imagination,0.06232664591968053,0.07994768148786668,-0.008945158054017861,0.07073310387694631,True
AQ,0.003035110695498708,0.01778680446857006,-0.0287526454598589,0.03491193921940182,True
AQ_social,0.045922046283342656,0.05470737456653507,-0.026687073382087218,0.03443741297905503,True
AQ_attentional_switches,-0.004441051339604975,0.017290788387143707,-0.027636239548738305,0.035798041994242163,True
AQ_attencion_detail,0.01212013865911105,0.018984809310028883,-0.026984083242953486,0.034355015059823885,True
AQ_communication,-0.010959223941635255,0.01951804420005343,-0.02662020703131782,0.03390890280423361,True
AQ_imagination,-0.016574292776806505,0.022355678568627635,-0.02700737269371593,0.03420135560309417,True
AQ,-0.00778298628933036,0.0221555131593979,-0.0286378265332136,0.023470569305629185,True
AQ_social,0.02608399605150482,0.02533395687093598,-0.029468397407567574,0.02193144544149044,True
AQ_attentional_switches,-0.06534334905587183,0.1025107709611075,-0.0301171232096915,0.025010341066575542,True
AQ_attencion_detail,-0.011888630762770464,0.019276696245417835,-0.02905062071391253,0.0209735012873065,True
AQ_communication,-0.02906983818419185,0.032416231681419716,-0.028622560017977798,0.022537004415662674,True
AQ_imagination,0.057373471207970074,0.07664295143057653,-0.02789925571198808,0.022249950471718113,True
AQ,0.03637546059241265,0.11590171769599844,0.0068975858480463115,0.06507853084883412,False
AQ_social,0.09783865060534007,0.20405230483311942,0.005455608288435217,0.06296356928282366,False
AQ_attentional_switches,0.04838001724533512,0.06239932758537747,0.006306367321606004,0.0655909548489458,False
AQ_attencion_detail,-0.06387171452747809,0.07825496830195267,0.00574737771225993,0.06553171149049936,False
AQ_communication,-0.0006538350810541099,0.016828754853935646,0.006358347150277497,0.06373481710778928,False
AQ_imagination,0.06667872085664048,0.0728678594203126,0.004378682383371241,0.064168427456975,False
AQ,0.024362861251056002,0.06829097704638298,-0.005779915758268249,0.0564207203379335,True
AQ_social,-0.025792180831845743,0.030354040682572192,-0.005001933547882485,0.05617120767367825,True
AQ_attentional_switches,0.06498947025321629,0.0904679060150072,-0.006065373476557337,0.055381534406109746,True
AQ_attencion_detail,0.06396288096012791,0.10061739193539132,-0.005024248529298025,0.05698388259101408,True
AQ_communication,0.0409757929438133,0.04446588059412615,-0.009242857772810417,0.060848718978095434,True
AQ_imagination,-0.02629637881099218,0.029460835413152364,-0.007177288792360294,0.05773806886516351,True
AQ,0.020351892844775697,0.052522487453292355,-0.008527765355992341,0.05199725131949167,True
AQ_social,0.0645669272862748,0.09837487374839937,-0.011485333352394484,0.05046942287450129,True
AQ_attentional_switches,0.08433561227080666,0.10286298603176125,-0.008618456601829258,0.04839831416588481,True
AQ_attencion_detail,-0.02980133751180575,0.0343613785223984,-0.010053699788144741,0.048590329905080394,True
AQ_communication,-0.012986748029247616,0.01962827000043932,-0.009635363763825315,0.050837967079231675,True
AQ_imagination,0.014219415319897885,0.02073955560989693,-0.0072559911587690255,0.05157104055758978,True
AQ,-0.0018829722059115457,0.017132150261033874,-0.03332266450174581,0.025669553748430704,True
AQ_social,0.01799997608546866,0.02107796463356648,-0.03419672412178371,0.028445733178517535,True
AQ_attentional_switches,-0.013056729649428814,0.019414161842194244,-0.03082244737579589,0.024596675436937193,True
AQ_attencion_detail,-0.009251928543905275,0.01904308250814779,-0.0342742904254883,0.024340170820410425,True
AQ_communication,-0.04756892219527552,0.05479950649125487,-0.028658552598743618,0.02578660765494553,True
AQ_imagination,0.040199609903041715,0.05041787768527317,-0.03441242486165645,0.02381451009202018,True
AQ,-0.0016514024708133576,0.01699173029172485,-0.027040327407122543,0.02736400433516861,True
AQ_social,0.03851700551198277,0.03850918028275763,-0.026493774688914912,0.02733444431153048,True
AQ_attentional_switches,0.012308577766844759,0.01947928025685408,-0.026339398995340203,0.028046149518533525,True
AQ_attencion_detail,-0.025783235766750297,0.031599120993012875,-0.02357486270181345,0.026446037704547024,True
AQ_communication,-0.027531136205775412,0.029967617269582747,-0.027994168611544204,0.025369251796387767,True
AQ_imagination,0.008513072969603677,0.018258437762930457,-0.028847203869763013,0.02632947200416672,True
AQ,0.003978901333887871,0.018044184040227562,-0.03491687512824838,0.04034192592515907,True
AQ_social,0.0040815589325827505,0.017080295627754705,-0.03140753346968708,0.04384117293146441,True
AQ_attentional_switches,0.05543428573023088,0.06878371629830404,-0.03478138505949706,0.03960557474593632,True
AQ_attencion_detail,-0.007071780648900354,0.01764347027251989,-0.033241217492011185,0.044764701659577924,True
AQ_communication,-0.06537064869632139,0.07659643139184491,-0.03188476207587704,0.04265622070076576,True
AQ_imagination,0.01976541327599485,0.023484905922549815,-0.0321683921699538,0.041605822427464335,True
AQ,-0.03773608883743468,0.15000543946252942,-0.07065850982508808,-0.005545473442584059,False
AQ_social,-0.0954957564294561,0.1554753022469203,-0.06932536182373715,-0.0032397781501946757,False
AQ_attentional_switches,-0.05878249830067635,0.0867295155741914,-0.07186487488462513,-0.002712373473597758,False
AQ_attencion_detail,-0.06942058755036823,0.10756858404190583,-0.07361609981839953,-0.004356915101779972,False
AQ_communication,0.05561206670674803,0.061517876959299334,-0.07081319573164033,-0.0030641427142262248,False
AQ_imagination,-0.01955884288008824,0.024345274881229506,-0.07295242714543541,-0.0036504775329260952,False
AQ,0.024166741056616047,0.057218673979240076,-0.006118495858138893,0.0588537458284115,True
AQ_social,0.02717587313055339,0.02912283660400794,-0.005775530154629371,0.06055071275231432,True
AQ_attentional_switches,0.09858034168829737,0.18276076361981652,-0.005422539967685151,0.05739585674398309,True
AQ_attencion_detail,-0.0038819335016117467,0.01712709959036851,-0.005522721174675166,0.059308703199443105,True
AQ_communication,0.018699688828436804,0.025416851037898147,-0.004031279369674147,0.061226303847553336,True
AQ_imagination,-0.050324342377340237,0.05936252789421448,-0.0035318349335706676,0.055624419772290865,True
